[
{
    "model": "auth.user",
    "pk": 1,
    "fields": {
        "password": "pbkdf2_sha256$320000$ewdqdZU9Bi0SSVrUs9ukfW$ySKlj0wOBb9ScbpdnrHL22fuAYoUUZb7CBAtdGL9AQc=",
        "last_login": "2023-09-15T02:42:52Z",
        "is_superuser": true,
        "username": "gokul",
        "first_name": "",
        "last_name": "",
        "email": "",
        "is_staff": true,
        "is_active": true,
        "date_joined": "2022-09-21T09:30:26Z",
        "groups": [],
        "user_permissions": []
    }
},
{
    "model": "auth.user",
    "pk": 2,
    "fields": {
        "password": "pbkdf2_sha256$320000$DRcrk3ZByhI055MJvxer2H$nImoTdq49px8si7PfVyoKW5LIbLrNcgi6fFlO+jbCFg=",
        "last_login": null,
        "is_superuser": false,
        "username": "bishal12@gmail.com",
        "first_name": "bishal",
        "last_name": "",
        "email": "bishal12@gmail.com",
        "is_staff": false,
        "is_active": true,
        "date_joined": "2022-09-22T11:07:17.631Z",
        "groups": [],
        "user_permissions": []
    }
},
{
    "model": "auth.user",
    "pk": 3,
    "fields": {
        "password": "pbkdf2_sha256$320000$OG9Tzr757zPs0rkWuwCOBh$1Gxl6DXgwxu25q9XbtKwJBmmWyyLEEa8/nLh1dSfV58=",
        "last_login": null,
        "is_superuser": false,
        "username": "saara2@gmail.com",
        "first_name": "Saara",
        "last_name": "",
        "email": "saara2@gmail.com",
        "is_staff": false,
        "is_active": true,
        "date_joined": "2022-09-22T11:34:44.198Z",
        "groups": [],
        "user_permissions": []
    }
},
{
    "model": "auth.user",
    "pk": 4,
    "fields": {
        "password": "pbkdf2_sha256$320000$p69uOZnMN6pqxLA8oDzO4G$9ab9WxOwePBTD5EUUo1cMs93nb8dO00gkjQha2zUvQc=",
        "last_login": "2022-12-09T18:04:45Z",
        "is_superuser": true,
        "username": "sameershahithakuri123@gmail.com",
        "first_name": "",
        "last_name": "",
        "email": "sameershahithakuri123@gmail.com",
        "is_staff": true,
        "is_active": true,
        "date_joined": "2022-12-09T18:04:26Z",
        "groups": [],
        "user_permissions": []
    }
},
{
    "model": "auth.user",
    "pk": 6,
    "fields": {
        "password": "pbkdf2_sha256$320000$lPXhXg4nTKXaaA5nm17t9H$j4qpMEFZAmyU68+53Lxh+8yk/Pqc/W38FRxGBWu1dR0=",
        "last_login": "2024-09-11T08:28:00.168Z",
        "is_superuser": true,
        "username": "Sam",
        "first_name": "",
        "last_name": "",
        "email": "",
        "is_staff": true,
        "is_active": true,
        "date_joined": "2024-05-15T08:46:36.628Z",
        "groups": [],
        "user_permissions": []
    }
},
{
    "model": "auth.user",
    "pk": 7,
    "fields": {
        "password": "pbkdf2_sha256$320000$vsiOODfqhInTpT955Bar9G$QzFhjiPSzy0MULw9JbNZuqldjaGOkQTQpnXm7oGXHKQ=",
        "last_login": null,
        "is_superuser": false,
        "username": "sangit123@gmail.com",
        "first_name": "Sangit",
        "last_name": "",
        "email": "sangit123@gmail.com",
        "is_staff": false,
        "is_active": true,
        "date_joined": "2024-05-15T09:56:33.580Z",
        "groups": [],
        "user_permissions": []
    }
},
{
    "model": "auth.user",
    "pk": 8,
    "fields": {
        "password": "pbkdf2_sha256$320000$eKg8rkoxgWCcWkIETUbYt0$q8b5a7tu8tz9qraWIPl85M09mgO1klRMb3Kfp90BAyw=",
        "last_login": null,
        "is_superuser": true,
        "username": "samirshahi9882@gmail.com",
        "first_name": "raizen",
        "last_name": "",
        "email": "samirshahi9882@gmail.com",
        "is_staff": true,
        "is_active": true,
        "date_joined": "2024-09-13T04:34:50Z",
        "groups": [],
        "user_permissions": []
    }
},
{
    "model": "Mbase.size",
    "pk": 1,
    "fields": {
        "name": "S",
        "description": "Small"
    }
},
{
    "model": "Mbase.size",
    "pk": 2,
    "fields": {
        "name": "M",
        "description": "Medium"
    }
},
{
    "model": "Mbase.size",
    "pk": 3,
    "fields": {
        "name": "XS",
        "description": "Extra Small"
    }
},
{
    "model": "Mbase.size",
    "pk": 4,
    "fields": {
        "name": "L",
        "description": "Large"
    }
},
{
    "model": "Mbase.size",
    "pk": 5,
    "fields": {
        "name": "Xl",
        "description": "Extra Large"
    }
},
{
    "model": "Mbase.size",
    "pk": 6,
    "fields": {
        "name": "XLL",
        "description": "Extra Extra Large"
    }
},
{
    "model": "Mbase.color",
    "pk": 1,
    "fields": {
        "name": "Red",
        "hex_code": "#FF0000"
    }
},
{
    "model": "Mbase.color",
    "pk": 2,
    "fields": {
        "name": "Blue",
        "hex_code": "#0000FF"
    }
},
{
    "model": "Mbase.color",
    "pk": 3,
    "fields": {
        "name": "Yellow",
        "hex_code": "#FFFF00"
    }
},
{
    "model": "Mbase.color",
    "pk": 4,
    "fields": {
        "name": "Green",
        "hex_code": "#00FF00"
    }
},
{
    "model": "Mbase.color",
    "pk": 5,
    "fields": {
        "name": "Cyan",
        "hex_code": "#00FFFF"
    }
},
{
    "model": "Mbase.color",
    "pk": 6,
    "fields": {
        "name": "Black",
        "hex_code": "#000000"
    }
},
{
    "model": "Mbase.color",
    "pk": 7,
    "fields": {
        "name": "White",
        "hex_code": "#FFFFFF"
    }
},
{
    "model": "Mbase.color",
    "pk": 8,
    "fields": {
        "name": "Pink",
        "hex_code": "#FFC0CB"
    }
},
{
    "model": "Mbase.color",
    "pk": 9,
    "fields": {
        "name": "Gray",
        "hex_code": "#808080"
    }
},
{
    "model": "Mbase.color",
    "pk": 10,
    "fields": {
        "name": "Orange",
        "hex_code": "#FFA500"
    }
},
{
    "model": "Mbase.color",
    "pk": 11,
    "fields": {
        "name": "Purple",
        "hex_code": "#800080"
    }
},
{
    "model": "Mbase.category",
    "pk": 1,
    "fields": {
        "name": "Men",
        "parent": null,
        "slug": "men"
    }
},
{
    "model": "Mbase.category",
    "pk": 2,
    "fields": {
        "name": "Women",
        "parent": null,
        "slug": "women"
    }
},
{
    "model": "Mbase.category",
    "pk": 3,
    "fields": {
        "name": "Pants",
        "parent": 2,
        "slug": "pants-women"
    }
},
{
    "model": "Mbase.category",
    "pk": 4,
    "fields": {
        "name": "Pants",
        "parent": 1,
        "slug": "pants-men"
    }
},
{
    "model": "Mbase.category",
    "pk": 5,
    "fields": {
        "name": "Packs",
        "parent": null,
        "slug": "packs"
    }
},
{
    "model": "Mbase.category",
    "pk": 6,
    "fields": {
        "name": "Deals",
        "parent": null,
        "slug": "deals"
    }
},
{
    "model": "Mbase.category",
    "pk": 7,
    "fields": {
        "name": "Shirts",
        "parent": 1,
        "slug": "shirts-men"
    }
},
{
    "model": "Mbase.category",
    "pk": 8,
    "fields": {
        "name": "Shirts",
        "parent": 2,
        "slug": "shirts-women"
    }
},
{
    "model": "Mbase.category",
    "pk": 9,
    "fields": {
        "name": "Shoes",
        "parent": 1,
        "slug": "shoes-men"
    }
},
{
    "model": "Mbase.category",
    "pk": 10,
    "fields": {
        "name": "Shoes",
        "parent": 2,
        "slug": "shoes-women"
    }
},
{
    "model": "Mbase.category",
    "pk": 11,
    "fields": {
        "name": "Watches",
        "parent": 1,
        "slug": "watches-men"
    }
},
{
    "model": "Mbase.category",
    "pk": 12,
    "fields": {
        "name": "Watches",
        "parent": 2,
        "slug": "watches-women"
    }
},
{
    "model": "Mbase.category",
    "pk": 13,
    "fields": {
        "name": "Necklaces",
        "parent": 2,
        "slug": "necklaces-women"
    }
},
{
    "model": "Mbase.category",
    "pk": 14,
    "fields": {
        "name": "Jackets",
        "parent": 1,
        "slug": "jackets-men"
    }
},
{
    "model": "Mbase.category",
    "pk": 15,
    "fields": {
        "name": "Jacket",
        "parent": 2,
        "slug": "jacket-women"
    }
},
{
    "model": "Mbase.category",
    "pk": 16,
    "fields": {
        "name": "Skirts",
        "parent": 2,
        "slug": "skirts-women"
    }
},
{
    "model": "Mbase.genre",
    "pk": 1,
    "fields": {
        "name": "Desktop",
        "slug": "desktop",
        "category": 3
    }
},
{
    "model": "Mbase.genre",
    "pk": 2,
    "fields": {
        "name": "Laptop",
        "slug": "laptop",
        "category": 3
    }
},
{
    "model": "Mbase.genre",
    "pk": 3,
    "fields": {
        "name": "Camera",
        "slug": "camera",
        "category": 3
    }
},
{
    "model": "Mbase.genre",
    "pk": 4,
    "fields": {
        "name": "Headphones",
        "slug": "headphones",
        "category": 3
    }
},
{
    "model": "Mbase.genre",
    "pk": 5,
    "fields": {
        "name": "Formal",
        "slug": "formal",
        "category": 1
    }
},
{
    "model": "Mbase.genre",
    "pk": 6,
    "fields": {
        "name": "Casual",
        "slug": "casual",
        "category": 1
    }
},
{
    "model": "Mbase.genre",
    "pk": 8,
    "fields": {
        "name": "Jacket",
        "slug": "jacket",
        "category": 1
    }
},
{
    "model": "Mbase.genre",
    "pk": 9,
    "fields": {
        "name": "Spectacles",
        "slug": "spectacles",
        "category": 1
    }
},
{
    "model": "Mbase.genre",
    "pk": 10,
    "fields": {
        "name": "Shoes",
        "slug": "shoes",
        "category": 1
    }
},
{
    "model": "Mbase.genre",
    "pk": 11,
    "fields": {
        "name": "Ear rings",
        "slug": "ear-rings",
        "category": 2
    }
},
{
    "model": "Mbase.genre",
    "pk": 12,
    "fields": {
        "name": "MakeupKit",
        "slug": "makeupkit",
        "category": 2
    }
},
{
    "model": "Mbase.genre",
    "pk": 13,
    "fields": {
        "name": "Sari",
        "slug": "sari",
        "category": 2
    }
},
{
    "model": "Mbase.genre",
    "pk": 14,
    "fields": {
        "name": "One piece",
        "slug": "one-piece",
        "category": 2
    }
},
{
    "model": "Mbase.genre",
    "pk": 15,
    "fields": {
        "name": "Blankets",
        "slug": "blankets",
        "category": 4
    }
},
{
    "model": "Mbase.genre",
    "pk": 16,
    "fields": {
        "name": "Bath Towels",
        "slug": "bath-towels",
        "category": 4
    }
},
{
    "model": "Mbase.genre",
    "pk": 17,
    "fields": {
        "name": "Kitchen Containers",
        "slug": "kitchen-containers",
        "category": 2
    }
},
{
    "model": "Mbase.product",
    "pk": 1,
    "fields": {
        "user": 1,
        "name": "River 05 Goldstar Full Black Sneakers For Women",
        "thumbnail": "goldstar1-1.jpg",
        "brand": null,
        "description": "Lorem ipsum dolor sit amet, consectetur adipiscing elit, sed do eiusmod tempor incididunt ut labore et dolore magna aliqua.",
        "rating": null,
        "review_count": 0,
        "price": "200.00",
        "sale_price": null,
        "discount_percentage": null,
        "countInStock": 10,
        "createdAt": "2022-09-21T09:32:49.368Z",
        "is_featured": true,
        "badge": "Featured",
        "colors": [
            6
        ],
        "size": [
            1,
            2,
            3,
            4,
            5
        ],
        "categories": [
            9
        ],
        "likes": []
    }
},
{
    "model": "Mbase.product",
    "pk": 2,
    "fields": {
        "user": 1,
        "name": "Men Outdoor Jacket",
        "thumbnail": "zipper1.jpeg",
        "brand": null,
        "description": "",
        "rating": null,
        "review_count": 0,
        "price": "400.00",
        "sale_price": null,
        "discount_percentage": null,
        "countInStock": 21,
        "createdAt": "2022-09-21T09:33:51.779Z",
        "is_featured": false,
        "badge": "Top Rated",
        "colors": [
            2
        ],
        "size": [
            1,
            2,
            3,
            4,
            5,
            6
        ],
        "categories": [
            1,
            14
        ],
        "likes": []
    }
},
{
    "model": "Mbase.product",
    "pk": 3,
    "fields": {
        "user": 1,
        "name": "Cubitt Smart Watch CT2S Waterproof Fitness Tracker",
        "thumbnail": "watch1.jpg",
        "brand": null,
        "description": "Lorem ipsum dolor sit amet, consectetur adipiscing elit, sed do eiusmod tempor incididunt ut labore et dolore magna aliqua.",
        "rating": null,
        "review_count": 0,
        "price": "700.00",
        "sale_price": "350.00",
        "discount_percentage": "50.00",
        "countInStock": 10,
        "createdAt": "2022-09-21T09:34:45.622Z",
        "is_featured": false,
        "badge": null,
        "colors": [
            1,
            6
        ],
        "size": [
            2,
            1,
            3,
            4
        ],
        "categories": [
            11
        ],
        "likes": []
    }
},
{
    "model": "Mbase.product",
    "pk": 4,
    "fields": {
        "user": 1,
        "name": "Knee-High Heeled Boots",
        "thumbnail": "boots1.jpeg",
        "brand": null,
        "description": "Lorem ipsum dolor sit amet, consectetur adipiscing elit, sed do eiusmod tempor incididunt ut labore et dolore magna aliqua.",
        "rating": null,
        "review_count": 0,
        "price": "350.00",
        "sale_price": null,
        "discount_percentage": null,
        "countInStock": 3,
        "createdAt": "2022-09-21T09:37:09.263Z",
        "is_featured": true,
        "badge": "Top Rated",
        "colors": [
            6
        ],
        "size": [
            2,
            1,
            3,
            4
        ],
        "categories": [
            10
        ],
        "likes": []
    }
},
{
    "model": "Mbase.product",
    "pk": 5,
    "fields": {
        "user": 1,
        "name": "18ct Yellow Gold 0.10cttw Diamond & Baroque Pearl Pendant",
        "thumbnail": "necale01-1.jpg",
        "brand": null,
        "description": "Lorem ipsum dolor sit amet, consectetur adipiscing elit, sed do eiusmod tempor incididunt ut labore et dolore magna aliqua.",
        "rating": null,
        "review_count": 0,
        "price": "300.00",
        "sale_price": null,
        "discount_percentage": null,
        "countInStock": 1,
        "createdAt": "2022-09-21T09:38:02.133Z",
        "is_featured": false,
        "badge": "Featured",
        "colors": [
            10
        ],
        "size": [
            1,
            2,
            3,
            4
        ],
        "categories": [
            13
        ],
        "likes": []
    }
},
{
    "model": "Mbase.product",
    "pk": 6,
    "fields": {
        "user": 1,
        "name": "Fuzzy Button-Up Cardigan",
        "thumbnail": "fuzzy1.jpg",
        "brand": null,
        "description": "Lorem ipsum dolor sit amet, consectetur adipiscing elit, sed do eiusmod tempor incididunt ut labore et dolore magna aliqua.",
        "rating": null,
        "review_count": 0,
        "price": "100.00",
        "sale_price": "86.00",
        "discount_percentage": "14.00",
        "countInStock": 4,
        "createdAt": "2022-09-21T09:39:16.151Z",
        "is_featured": false,
        "badge": null,
        "colors": [
            3
        ],
        "size": [
            1,
            2,
            3
        ],
        "categories": [
            8
        ],
        "likes": []
    }
},
{
    "model": "Mbase.product",
    "pk": 8,
    "fields": {
        "user": 1,
        "name": "Quilted Bomber Jacket With Ribbed Trims",
        "thumbnail": "bomber1-1.jpg",
        "brand": null,
        "description": "Lorem ipsum dolor sit amet, consectetur adipiscing elit, sed do eiusmod tempor incididunt ut labore et dolore magna aliqua.",
        "rating": null,
        "review_count": 0,
        "price": "210.00",
        "sale_price": null,
        "discount_percentage": null,
        "countInStock": 8,
        "createdAt": "2022-09-21T09:42:45.204Z",
        "is_featured": false,
        "badge": "Top Rated",
        "colors": [
            4
        ],
        "size": [
            4,
            5,
            6
        ],
        "categories": [
            14
        ],
        "likes": []
    }
},
{
    "model": "Mbase.product",
    "pk": 9,
    "fields": {
        "user": 1,
        "name": "Sleeveless Ribbed Short Dress Black",
        "thumbnail": "dressblack1-1.jpeg",
        "brand": null,
        "description": "Lorem ipsum dolor sit amet, consectetur adipiscing elit, sed do eiusmod tempor incididunt ut labore et dolore magna aliqua.",
        "rating": null,
        "review_count": 0,
        "price": "78.00",
        "sale_price": null,
        "discount_percentage": null,
        "countInStock": 4,
        "createdAt": "2022-09-21T09:43:33.939Z",
        "is_featured": false,
        "badge": "Featured",
        "colors": [
            6
        ],
        "size": [
            2,
            1,
            3,
            4
        ],
        "categories": [
            2
        ],
        "likes": []
    }
},
{
    "model": "Mbase.product",
    "pk": 10,
    "fields": {
        "user": 1,
        "name": "Short Dress With Knotted Skirt",
        "thumbnail": "10016.jpeg",
        "brand": null,
        "description": "",
        "rating": null,
        "review_count": 0,
        "price": "190.00",
        "sale_price": "150.10",
        "discount_percentage": "21.00",
        "countInStock": 10,
        "createdAt": "2022-09-21T09:44:51.499Z",
        "is_featured": false,
        "badge": null,
        "colors": [
            4
        ],
        "size": [
            2,
            4
        ],
        "categories": [
            2
        ],
        "likes": []
    }
},
{
    "model": "Mbase.product",
    "pk": 11,
    "fields": {
        "user": 1,
        "name": "Pouch Pocket Hoodie Orange",
        "thumbnail": "10013.jpeg",
        "brand": null,
        "description": "Lorem ipsum dolor sit amet, consectetur adipiscing elit, sed do eiusmod tempor incididunt ut labore et dolore magna aliqua.",
        "rating": null,
        "review_count": 0,
        "price": "77.00",
        "sale_price": null,
        "discount_percentage": null,
        "countInStock": 5,
        "createdAt": "2022-09-21T10:08:17.785Z",
        "is_featured": true,
        "badge": "Top Rated",
        "colors": [
            10
        ],
        "size": [
            5,
            6
        ],
        "categories": [
            1,
            15
        ],
        "likes": [
            1
        ]
    }
},
{
    "model": "Mbase.product",
    "pk": 12,
    "fields": {
        "user": 1,
        "name": "Rose Printed Hoodie",
        "thumbnail": "10035.jpg",
        "brand": null,
        "description": "",
        "rating": null,
        "review_count": 0,
        "price": "110.00",
        "sale_price": null,
        "discount_percentage": null,
        "countInStock": 8,
        "createdAt": "2022-09-21T10:09:23.219Z",
        "is_featured": false,
        "badge": "Featured",
        "colors": [
            1
        ],
        "size": [
            1,
            2,
            3,
            4,
            5,
            6
        ],
        "categories": [
            2,
            15
        ],
        "likes": []
    }
},
{
    "model": "Mbase.product",
    "pk": 13,
    "fields": {
        "user": 1,
        "name": "Check Overshirt With Pocket Detail",
        "thumbnail": "10007.jpg",
        "brand": null,
        "description": "Lorem ipsum dolor sit amet, consectetur adipiscing elit, sed do eiusmod tempor incididunt ut labore et dolore magna aliqua.",
        "rating": "2.50",
        "review_count": 1,
        "price": "100.00",
        "sale_price": "95.00",
        "discount_percentage": "5.00",
        "countInStock": 1,
        "createdAt": "2022-09-21T10:10:30.197Z",
        "is_featured": false,
        "badge": null,
        "colors": [
            4,
            9
        ],
        "size": [
            2,
            1,
            3,
            4
        ],
        "categories": [
            1,
            7
        ],
        "likes": []
    }
},
{
    "model": "Mbase.product",
    "pk": 14,
    "fields": {
        "user": 1,
        "name": "G10 P104 Dark Grey Goldstar Shoes For Men",
        "thumbnail": "gshoe1-1.png",
        "brand": "GoldStar",
        "description": "Lorem ipsum dolor sit amet, consectetur adipiscing elit, sed do eiusmod tempor incididunt ut labore et dolore magna aliqua.",
        "rating": "3.14",
        "review_count": 7,
        "price": "130.00",
        "sale_price": null,
        "discount_percentage": null,
        "countInStock": 7,
        "createdAt": "2022-09-21T10:11:47.884Z",
        "is_featured": false,
        "badge": "Featured",
        "colors": [
            2
        ],
        "size": [
            1,
            3
        ],
        "categories": [
            1,
            9
        ],
        "likes": []
    }
},
{
    "model": "Mbase.product",
    "pk": 15,
    "fields": {
        "user": 1,
        "name": "Basic Relax Fit Leggings",
        "thumbnail": "10006.jpeg",
        "brand": null,
        "description": "Lorem ipsum dolor sit amet, consectetur adipiscing elit, sed do eiusmod tempor incididunt ut labore et dolore magna aliqua.",
        "rating": "3.25",
        "review_count": 2,
        "price": "50.00",
        "sale_price": null,
        "discount_percentage": null,
        "countInStock": 5,
        "createdAt": "2022-09-21T10:12:59.985Z",
        "is_featured": false,
        "badge": "Featured",
        "colors": [
            6
        ],
        "size": [
            4,
            5,
            6
        ],
        "categories": [
            2,
            3
        ],
        "likes": []
    }
},
{
    "model": "Mbase.product",
    "pk": 16,
    "fields": {
        "user": 1,
        "name": "Basic High-Neck Puff Jacket",
        "thumbnail": "10005.jpeg",
        "brand": null,
        "description": "Lorem ipsum dolor sit amet, consectetur adipiscing elit, sed do eiusmod tempor incididunt ut labore et dolore magna aliqua.",
        "rating": "4.00",
        "review_count": 1,
        "price": "90.00",
        "sale_price": null,
        "discount_percentage": null,
        "countInStock": 3,
        "createdAt": "2022-09-21T10:13:56.387Z",
        "is_featured": false,
        "badge": "Top Rated",
        "colors": [
            8
        ],
        "size": [
            2,
            1
        ],
        "categories": [
            2,
            15
        ],
        "likes": []
    }
},
{
    "model": "Mbase.product",
    "pk": 18,
    "fields": {
        "user": 1,
        "name": "Basic Colored Sweatpants With Elastic Hems",
        "thumbnail": "10033.jpeg",
        "brand": "Cannon",
        "description": "Lorem ipsum dolor sit amet, consectetur adipiscing elit, sed do eiusmod tempor incididunt ut labore et dolore magna aliqua.",
        "rating": null,
        "review_count": 0,
        "price": "49.90",
        "sale_price": "41.92",
        "discount_percentage": "16.00",
        "countInStock": -2,
        "createdAt": "2022-09-21T15:24:12.912Z",
        "is_featured": false,
        "badge": null,
        "colors": [
            6
        ],
        "size": [
            4,
            5
        ],
        "categories": [
            2
        ],
        "likes": []
    }
},
{
    "model": "Mbase.product",
    "pk": 28,
    "fields": {
        "user": 4,
        "name": "18ct Yellow Gold Open Heart Floating Pendant",
        "thumbnail": "necale02-1.jpg",
        "brand": null,
        "description": "Lorem ipsum dolor sit amet, consectetur adipiscing elit, sed do eiusmod tempor incididunt ut labore et dolore magna aliqua.",
        "rating": null,
        "review_count": 0,
        "price": "200.00",
        "sale_price": "132.00",
        "discount_percentage": "34.00",
        "countInStock": 3,
        "createdAt": "2024-05-17T09:48:55.708Z",
        "is_featured": false,
        "badge": null,
        "colors": [
            10
        ],
        "size": [
            1,
            4
        ],
        "categories": [
            2,
            13
        ],
        "likes": []
    }
},
{
    "model": "Mbase.product",
    "pk": 29,
    "fields": {
        "user": 4,
        "name": "Nike Dunk Low",
        "thumbnail": "nshoe1-1.png",
        "brand": null,
        "description": "Lorem ipsum dolor sit amet, consectetur adipiscing elit, sed do eiusmod tempor incididunt ut labore et dolore magna aliqua.",
        "rating": null,
        "review_count": 0,
        "price": "77.00",
        "sale_price": "59.29",
        "discount_percentage": "23.00",
        "countInStock": 12,
        "createdAt": "2024-05-17T10:07:55.814Z",
        "is_featured": false,
        "badge": null,
        "colors": [
            4,
            7
        ],
        "size": [
            1,
            4
        ],
        "categories": [
            1,
            9
        ],
        "likes": []
    }
},
{
    "model": "Mbase.product",
    "pk": 30,
    "fields": {
        "user": 4,
        "name": "Nike Retro High",
        "thumbnail": "nshoe2-1.png",
        "brand": null,
        "description": "Lorem ipsum dolor sit amet, consectetur adipiscing elit, sed do eiusmod tempor incididunt ut labore et dolore magna aliqua.",
        "rating": null,
        "review_count": 0,
        "price": "66.00",
        "sale_price": null,
        "discount_percentage": null,
        "countInStock": 3,
        "createdAt": "2024-05-17T10:12:47.768Z",
        "is_featured": false,
        "badge": "Top Rated",
        "colors": [
            7,
            8
        ],
        "size": [
            3,
            4
        ],
        "categories": [
            2,
            10
        ],
        "likes": []
    }
},
{
    "model": "Mbase.product",
    "pk": 31,
    "fields": {
        "user": 4,
        "name": "Nike Air Max 90 LV8",
        "thumbnail": "nshoe3-1.png",
        "brand": "Nike",
        "description": "Lorem ipsum dolor sit amet, consectetur adipiscing elit, sed do eiusmod tempor incididunt ut labore et dolore magna aliqua.",
        "rating": null,
        "review_count": 0,
        "price": "77.00",
        "sale_price": "72.38",
        "discount_percentage": "6.00",
        "countInStock": 0,
        "createdAt": "2024-05-17T10:16:34.873Z",
        "is_featured": false,
        "badge": null,
        "colors": [
            1,
            7
        ],
        "size": [
            2,
            1
        ],
        "categories": [
            1,
            9
        ],
        "likes": []
    }
},
{
    "model": "Mbase.product",
    "pk": 32,
    "fields": {
        "user": 6,
        "name": "Tyson T-Shirt Xl",
        "thumbnail": "p_img2.png",
        "brand": "Nike",
        "description": "",
        "rating": null,
        "review_count": 0,
        "price": "55.00",
        "sale_price": "38.50",
        "discount_percentage": "30.00",
        "countInStock": 12,
        "createdAt": "2024-09-11T08:30:16.987Z",
        "is_featured": false,
        "badge": null,
        "colors": [
            8
        ],
        "size": [
            4,
            5
        ],
        "categories": [
            1,
            7
        ],
        "likes": []
    }
},
{
    "model": "Mbase.product",
    "pk": 33,
    "fields": {
        "user": 6,
        "name": "Slogan Hoodie With Label Detail",
        "thumbnail": "slogan1-1.jpg",
        "brand": "Pearlst",
        "description": "",
        "rating": null,
        "review_count": 0,
        "price": "45.00",
        "sale_price": null,
        "discount_percentage": null,
        "countInStock": 10,
        "createdAt": "2024-09-11T13:09:45.904Z",
        "is_featured": false,
        "badge": "Featured",
        "colors": [
            3
        ],
        "size": [
            5,
            6
        ],
        "categories": [
            2,
            3,
            15
        ],
        "likes": []
    }
},
{
    "model": "Mbase.product",
    "pk": 34,
    "fields": {
        "user": 6,
        "name": "Varsity Jacket With Patch Details",
        "thumbnail": "jacket1-1.jpg",
        "brand": null,
        "description": "Lorem ipsum dolor sit amet, consectetur adipiscing elit, sed do eiusmod tempor incididunt ut labore et dolore magna aliqua.",
        "rating": "3.00",
        "review_count": 3,
        "price": "32.00",
        "sale_price": null,
        "discount_percentage": null,
        "countInStock": 9,
        "createdAt": "2024-09-11T13:14:28.204Z",
        "is_featured": false,
        "badge": "Top Rated",
        "colors": [
            7
        ],
        "size": [
            3,
            5
        ],
        "categories": [
            2,
            15
        ],
        "likes": []
    }
},
{
    "model": "Mbase.discountoffers",
    "pk": 3,
    "fields": {
        "name": "SHAMPOO, CONDITIONER & FACEWASH PACKS",
        "thumbnail": "shampoo.jpg",
        "price": "222.00",
        "description": "Lorem ipsum dolor sit amet, consectetur adipiscing elit. Vivamus rhoncus interdum vulputate. Duis at faucibus nisi, eu elementum dolor. Integer erat odio, ullamcorper vel luctus vitae, interdum sit amet velit. Cras nisl risus, maximus eu odio in, gravida faucibus urna. Nunc in lorem in odio venenatis ultrices eget sit amet tellus. Duis id nisl urna. Donec ornare ipsum mi, at mattis massa convallis quis.",
        "on_sale": false,
        "sale_price": null,
        "countInStock": 1,
        "start_date": "2024-09-13T09:28:42Z",
        "end_date": "2025-05-22T09:28:47Z"
    }
},
{
    "model": "Mbase.imagealbum",
    "pk": 1,
    "fields": {
        "image": "pocketmen2.jpeg",
        "product": 11
    }
},
{
    "model": "Mbase.imagealbum",
    "pk": 2,
    "fields": {
        "image": "pocketmen3.jpeg",
        "product": 11
    }
},
{
    "model": "Mbase.imagealbum",
    "pk": 3,
    "fields": {
        "image": "10008.jpg",
        "product": 12
    }
},
{
    "model": "Mbase.imagealbum",
    "pk": 4,
    "fields": {
        "image": "10034.jpg",
        "product": 12
    }
},
{
    "model": "Mbase.imagealbum",
    "pk": 5,
    "fields": {
        "image": "10036.jpg",
        "product": 13
    }
},
{
    "model": "Mbase.imagealbum",
    "pk": 6,
    "fields": {
        "image": "overshirt2.jpg",
        "product": 13
    }
},
{
    "model": "Mbase.imagealbum",
    "pk": 7,
    "fields": {
        "image": "gshoe1-2.png",
        "product": 14
    }
},
{
    "model": "Mbase.imagealbum",
    "pk": 8,
    "fields": {
        "image": "gshoe1-3.png",
        "product": 14
    }
},
{
    "model": "Mbase.imagealbum",
    "pk": 9,
    "fields": {
        "image": "leggings2.jpeg",
        "product": 15
    }
},
{
    "model": "Mbase.imagealbum",
    "pk": 10,
    "fields": {
        "image": "leggings3.jpeg",
        "product": 15
    }
},
{
    "model": "Mbase.imagealbum",
    "pk": 11,
    "fields": {
        "image": "10030.jpeg",
        "product": 16
    }
},
{
    "model": "Mbase.imagealbum",
    "pk": 12,
    "fields": {
        "image": "10031.jpeg",
        "product": 16
    }
},
{
    "model": "Mbase.imagealbum",
    "pk": 16,
    "fields": {
        "image": "10033_iAUarZN.jpeg",
        "product": 18
    }
},
{
    "model": "Mbase.imagealbum",
    "pk": 17,
    "fields": {
        "image": "10029.jpeg",
        "product": 18
    }
},
{
    "model": "Mbase.imagealbum",
    "pk": 18,
    "fields": {
        "image": "10004_svcnQ3y.jpeg",
        "product": 18
    }
},
{
    "model": "Mbase.imagealbum",
    "pk": 19,
    "fields": {
        "image": "10032.jpeg",
        "product": 16
    }
},
{
    "model": "Mbase.imagealbum",
    "pk": 20,
    "fields": {
        "image": "pocketmen4.jpeg",
        "product": 11
    }
},
{
    "model": "Mbase.imagealbum",
    "pk": 21,
    "fields": {
        "image": "knotted2.jpeg",
        "product": 10
    }
},
{
    "model": "Mbase.imagealbum",
    "pk": 22,
    "fields": {
        "image": "knotted3.jpeg",
        "product": 10
    }
},
{
    "model": "Mbase.imagealbum",
    "pk": 23,
    "fields": {
        "image": "boots2.jpeg",
        "product": 4
    }
},
{
    "model": "Mbase.imagealbum",
    "pk": 24,
    "fields": {
        "image": "boots3.jpeg",
        "product": 4
    }
},
{
    "model": "Mbase.imagealbum",
    "pk": 25,
    "fields": {
        "image": "dressblack2.jpeg",
        "product": 9
    }
},
{
    "model": "Mbase.imagealbum",
    "pk": 26,
    "fields": {
        "image": "dressblack3.jpeg",
        "product": 9
    }
},
{
    "model": "Mbase.imagealbum",
    "pk": 27,
    "fields": {
        "image": "bomber2-1.jpg",
        "product": 8
    }
},
{
    "model": "Mbase.imagealbum",
    "pk": 28,
    "fields": {
        "image": "bomber3-1.jpg",
        "product": 8
    }
},
{
    "model": "Mbase.imagealbum",
    "pk": 29,
    "fields": {
        "image": "fuzzy2.jpg",
        "product": 6
    }
},
{
    "model": "Mbase.imagealbum",
    "pk": 30,
    "fields": {
        "image": "fuzzy3.jpg",
        "product": 6
    }
},
{
    "model": "Mbase.imagealbum",
    "pk": 31,
    "fields": {
        "image": "zipper2.jpeg",
        "product": 2
    }
},
{
    "model": "Mbase.imagealbum",
    "pk": 32,
    "fields": {
        "image": "zipper3.jpeg",
        "product": 2
    }
},
{
    "model": "Mbase.imagealbum",
    "pk": 33,
    "fields": {
        "image": "watch2.jpg",
        "product": 3
    }
},
{
    "model": "Mbase.imagealbum",
    "pk": 34,
    "fields": {
        "image": "watch3.jpg",
        "product": 3
    }
},
{
    "model": "Mbase.imagealbum",
    "pk": 35,
    "fields": {
        "image": "necale01-2.jpg",
        "product": 5
    }
},
{
    "model": "Mbase.imagealbum",
    "pk": 36,
    "fields": {
        "image": "necale01-3.jpg",
        "product": 5
    }
},
{
    "model": "Mbase.imagealbum",
    "pk": 37,
    "fields": {
        "image": "necale02-2.jpg",
        "product": 28
    }
},
{
    "model": "Mbase.imagealbum",
    "pk": 38,
    "fields": {
        "image": "necale02-3.jpg",
        "product": 28
    }
},
{
    "model": "Mbase.imagealbum",
    "pk": 39,
    "fields": {
        "image": "goldstar1-2.jpg",
        "product": 1
    }
},
{
    "model": "Mbase.imagealbum",
    "pk": 40,
    "fields": {
        "image": "goldstar1-3.jpg",
        "product": 1
    }
},
{
    "model": "Mbase.imagealbum",
    "pk": 41,
    "fields": {
        "image": "goldstar1-4.jpg",
        "product": 1
    }
},
{
    "model": "Mbase.imagealbum",
    "pk": 42,
    "fields": {
        "image": "gshoe1-4.png",
        "product": 14
    }
},
{
    "model": "Mbase.imagealbum",
    "pk": 43,
    "fields": {
        "image": "nshoe1-2.png",
        "product": 29
    }
},
{
    "model": "Mbase.imagealbum",
    "pk": 44,
    "fields": {
        "image": "nshoe1-3.jpg",
        "product": 29
    }
},
{
    "model": "Mbase.imagealbum",
    "pk": 45,
    "fields": {
        "image": "nshoe1-4.png",
        "product": 29
    }
},
{
    "model": "Mbase.imagealbum",
    "pk": 46,
    "fields": {
        "image": "nshoe2-2.png",
        "product": 30
    }
},
{
    "model": "Mbase.imagealbum",
    "pk": 47,
    "fields": {
        "image": "nshoe2-3.png",
        "product": 30
    }
},
{
    "model": "Mbase.imagealbum",
    "pk": 48,
    "fields": {
        "image": "nshoe2-4.png",
        "product": 30
    }
},
{
    "model": "Mbase.imagealbum",
    "pk": 49,
    "fields": {
        "image": "nshoe3-2.png",
        "product": 31
    }
},
{
    "model": "Mbase.imagealbum",
    "pk": 50,
    "fields": {
        "image": "nshoe3-3.png",
        "product": 31
    }
},
{
    "model": "Mbase.imagealbum",
    "pk": 51,
    "fields": {
        "image": "nshoe3-4.png",
        "product": 31
    }
},
{
    "model": "Mbase.imagealbum",
    "pk": 52,
    "fields": {
        "image": "p_img2_1.png",
        "product": 32
    }
},
{
    "model": "Mbase.imagealbum",
    "pk": 53,
    "fields": {
        "image": "p_img2_2.png",
        "product": 32
    }
},
{
    "model": "Mbase.imagealbum",
    "pk": 54,
    "fields": {
        "image": "p_img2_3.png",
        "product": 32
    }
},
{
    "model": "Mbase.imagealbum",
    "pk": 55,
    "fields": {
        "image": "slogan1-1_qB4R8Pq.jpg",
        "product": 33
    }
},
{
    "model": "Mbase.imagealbum",
    "pk": 56,
    "fields": {
        "image": "slogan1-2.jpg",
        "product": 33
    }
},
{
    "model": "Mbase.imagealbum",
    "pk": 57,
    "fields": {
        "image": "slogan1-3.jpg",
        "product": 33
    }
},
{
    "model": "Mbase.imagealbum",
    "pk": 58,
    "fields": {
        "image": "slogan1-4.jpg",
        "product": 33
    }
},
{
    "model": "Mbase.imagealbum",
    "pk": 59,
    "fields": {
        "image": "jacket1-1_BD3QzOq.jpg",
        "product": 34
    }
},
{
    "model": "Mbase.imagealbum",
    "pk": 60,
    "fields": {
        "image": "jacket1-2.jpg",
        "product": 34
    }
},
{
    "model": "Mbase.imagealbum",
    "pk": 61,
    "fields": {
        "image": "jacket1-3.jpg",
        "product": 34
    }
},
{
    "model": "Mbase.imagealbum",
    "pk": 62,
    "fields": {
        "image": "jacket1-4.jpg",
        "product": 34
    }
},
{
    "model": "Mbase.review",
    "pk": 1,
    "fields": {
        "product": 16,
        "user": 1,
        "name": "Goku",
        "rating": "4.00",
        "comment": "It is very nice clothe",
        "createdAt": "2024-09-15T13:31:37.660Z"
    }
},
{
    "model": "Mbase.review",
    "pk": 2,
    "fields": {
        "product": 34,
        "user": 8,
        "name": "raizen",
        "rating": "1.50",
        "comment": "we",
        "createdAt": "2024-09-16T18:20:39.412Z"
    }
},
{
    "model": "Mbase.review",
    "pk": 3,
    "fields": {
        "product": 34,
        "user": 8,
        "name": "raizen",
        "rating": "4.50",
        "comment": "noicie",
        "createdAt": "2024-09-16T18:26:08.600Z"
    }
},
{
    "model": "Mbase.review",
    "pk": 4,
    "fields": {
        "product": 34,
        "user": 8,
        "name": "raizen",
        "rating": "3.00",
        "comment": "asas",
        "createdAt": "2024-09-16T18:44:11.477Z"
    }
},
{
    "model": "Mbase.review",
    "pk": 5,
    "fields": {
        "product": 14,
        "user": 8,
        "name": "raizen",
        "rating": "3.00",
        "comment": "nice product",
        "createdAt": "2024-09-16T18:50:24.982Z"
    }
},
{
    "model": "Mbase.review",
    "pk": 6,
    "fields": {
        "product": 14,
        "user": 8,
        "name": "raizen",
        "rating": "3.50",
        "comment": "hhh",
        "createdAt": "2024-09-16T18:51:34.439Z"
    }
},
{
    "model": "Mbase.review",
    "pk": 7,
    "fields": {
        "product": 14,
        "user": 8,
        "name": "raizen",
        "rating": "5.00",
        "comment": "awdad",
        "createdAt": "2024-09-16T18:52:44.525Z"
    }
},
{
    "model": "Mbase.review",
    "pk": 8,
    "fields": {
        "product": 14,
        "user": 8,
        "name": "raizen",
        "rating": "4.00",
        "comment": "yooo",
        "createdAt": "2024-09-16T18:53:36.882Z"
    }
},
{
    "model": "Mbase.review",
    "pk": 9,
    "fields": {
        "product": 14,
        "user": 8,
        "name": "raizen",
        "rating": "2.00",
        "comment": "adasdads",
        "createdAt": "2024-09-16T18:55:09.990Z"
    }
},
{
    "model": "Mbase.review",
    "pk": 10,
    "fields": {
        "product": 14,
        "user": 8,
        "name": "raizen",
        "rating": "4.00",
        "comment": "sefsdfsfsdfsdfsdfsfsf",
        "createdAt": "2024-09-16T18:58:17.508Z"
    }
},
{
    "model": "Mbase.review",
    "pk": 11,
    "fields": {
        "product": 14,
        "user": 8,
        "name": "raizen",
        "rating": "0.50",
        "comment": "adada",
        "createdAt": "2024-09-16T19:04:43.987Z"
    }
},
{
    "model": "Mbase.review",
    "pk": 12,
    "fields": {
        "product": 13,
        "user": 8,
        "name": "raizen",
        "rating": "2.50",
        "comment": "Nice shirt",
        "createdAt": "2024-09-17T04:05:56.685Z"
    }
},
{
    "model": "Mbase.review",
    "pk": 13,
    "fields": {
        "product": 15,
        "user": 8,
        "name": "raizen",
        "rating": "3.00",
        "comment": "nice pants",
        "createdAt": "2024-09-17T04:51:11.747Z"
    }
},
{
    "model": "Mbase.review",
    "pk": 14,
    "fields": {
        "product": 15,
        "user": 8,
        "name": "raizen",
        "rating": "3.50",
        "comment": "hhh",
        "createdAt": "2024-09-17T04:51:31.117Z"
    }
},
{
    "model": "Mbase.order",
    "pk": 1,
    "fields": {
        "user": 3,
        "paymentMethod": "PayPal",
        "taxPrice": "54.12",
        "shippingPrice": "10.00",
        "totalPrice": "724.12",
        "isPaid": false,
        "paidAt": null,
        "isDelivered": false,
        "deliveredAt": null,
        "createdAt": "2022-09-22T11:47:57.192Z"
    }
},
{
    "model": "Mbase.order",
    "pk": 2,
    "fields": {
        "user": 3,
        "paymentMethod": "PayPal",
        "taxPrice": "54.12",
        "shippingPrice": "10.00",
        "totalPrice": "724.12",
        "isPaid": false,
        "paidAt": null,
        "isDelivered": false,
        "deliveredAt": null,
        "createdAt": "2022-09-22T11:50:38.292Z"
    }
},
{
    "model": "Mbase.order",
    "pk": 3,
    "fields": {
        "user": 3,
        "paymentMethod": "PayPal",
        "taxPrice": "54.12",
        "shippingPrice": "10.00",
        "totalPrice": "724.12",
        "isPaid": true,
        "paidAt": "2022-09-22T17:38:17.053Z",
        "isDelivered": false,
        "deliveredAt": null,
        "createdAt": "2022-09-22T11:51:14.646Z"
    }
},
{
    "model": "Mbase.order",
    "pk": 4,
    "fields": {
        "user": 3,
        "paymentMethod": "PayPal",
        "taxPrice": "4.10",
        "shippingPrice": "0.00",
        "totalPrice": "54.10",
        "isPaid": true,
        "paidAt": "2022-09-22T11:59:37.211Z",
        "isDelivered": false,
        "deliveredAt": null,
        "createdAt": "2022-09-22T11:59:10.680Z"
    }
},
{
    "model": "Mbase.order",
    "pk": 5,
    "fields": {
        "user": 3,
        "paymentMethod": "PayPal",
        "taxPrice": "4.10",
        "shippingPrice": "0.00",
        "totalPrice": "54.10",
        "isPaid": true,
        "paidAt": "2022-09-22T12:04:42.449Z",
        "isDelivered": false,
        "deliveredAt": null,
        "createdAt": "2022-09-22T12:04:22.824Z"
    }
},
{
    "model": "Mbase.order",
    "pk": 6,
    "fields": {
        "user": 3,
        "paymentMethod": "PayPal",
        "taxPrice": "10.66",
        "shippingPrice": "10.00",
        "totalPrice": "150.66",
        "isPaid": false,
        "paidAt": null,
        "isDelivered": false,
        "deliveredAt": null,
        "createdAt": "2022-09-22T12:14:20.663Z"
    }
},
{
    "model": "Mbase.order",
    "pk": 7,
    "fields": {
        "user": 3,
        "paymentMethod": "PayPal",
        "taxPrice": "10.66",
        "shippingPrice": "10.00",
        "totalPrice": "150.66",
        "isPaid": false,
        "paidAt": null,
        "isDelivered": false,
        "deliveredAt": null,
        "createdAt": "2022-09-22T12:27:22.575Z"
    }
},
{
    "model": "Mbase.order",
    "pk": 8,
    "fields": {
        "user": 3,
        "paymentMethod": "PayPal",
        "taxPrice": "8.20",
        "shippingPrice": "0.00",
        "totalPrice": "108.20",
        "isPaid": false,
        "paidAt": null,
        "isDelivered": false,
        "deliveredAt": null,
        "createdAt": "2022-09-22T12:30:14.378Z"
    }
},
{
    "model": "Mbase.order",
    "pk": 9,
    "fields": {
        "user": 3,
        "paymentMethod": "PayPal",
        "taxPrice": "8.20",
        "shippingPrice": "0.00",
        "totalPrice": "108.20",
        "isPaid": false,
        "paidAt": null,
        "isDelivered": false,
        "deliveredAt": null,
        "createdAt": "2022-09-22T12:34:47.656Z"
    }
},
{
    "model": "Mbase.order",
    "pk": 10,
    "fields": {
        "user": 3,
        "paymentMethod": "PayPal",
        "taxPrice": "27.88",
        "shippingPrice": "10.00",
        "totalPrice": "377.88",
        "isPaid": false,
        "paidAt": null,
        "isDelivered": false,
        "deliveredAt": null,
        "createdAt": "2022-09-22T12:50:47.417Z"
    }
},
{
    "model": "Mbase.order",
    "pk": 11,
    "fields": {
        "user": 3,
        "paymentMethod": "PayPal",
        "taxPrice": "251.74",
        "shippingPrice": "10.00",
        "totalPrice": "3331.74",
        "isPaid": true,
        "paidAt": "2022-09-23T15:35:57Z",
        "isDelivered": true,
        "deliveredAt": "2022-09-24T06:01:35.418Z",
        "createdAt": "2022-09-23T15:34:15.855Z"
    }
},
{
    "model": "Mbase.order",
    "pk": 12,
    "fields": {
        "user": 1,
        "paymentMethod": "PayPal",
        "taxPrice": "4.10",
        "shippingPrice": "0.00",
        "totalPrice": "54.10",
        "isPaid": true,
        "paidAt": "2022-09-24T06:37:07.396Z",
        "isDelivered": true,
        "deliveredAt": "2022-09-24T06:37:17.679Z",
        "createdAt": "2022-09-24T06:36:39.927Z"
    }
},
{
    "model": "Mbase.order",
    "pk": 13,
    "fields": {
        "user": 1,
        "paymentMethod": "PayPal",
        "taxPrice": "32.80",
        "shippingPrice": "10.00",
        "totalPrice": "442.80",
        "isPaid": true,
        "paidAt": "2022-12-17T14:46:30.487Z",
        "isDelivered": false,
        "deliveredAt": null,
        "createdAt": "2022-12-17T14:45:29.951Z"
    }
},
{
    "model": "Mbase.order",
    "pk": 14,
    "fields": {
        "user": 1,
        "paymentMethod": "PayPal",
        "taxPrice": "94.30",
        "shippingPrice": "10.00",
        "totalPrice": "1254.30",
        "isPaid": true,
        "paidAt": "2023-06-08T03:31:34.769Z",
        "isDelivered": false,
        "deliveredAt": null,
        "createdAt": "2023-06-08T03:31:04.341Z"
    }
},
{
    "model": "Mbase.order",
    "pk": 15,
    "fields": {
        "user": 1,
        "paymentMethod": "PayPal",
        "taxPrice": "27.88",
        "shippingPrice": "10.00",
        "totalPrice": "377.88",
        "isPaid": false,
        "paidAt": null,
        "isDelivered": false,
        "deliveredAt": null,
        "createdAt": "2023-09-15T01:50:34.113Z"
    }
},
{
    "model": "Mbase.order",
    "pk": 16,
    "fields": {
        "user": 1,
        "paymentMethod": "PayPal",
        "taxPrice": "8.20",
        "shippingPrice": "0.00",
        "totalPrice": "108.20",
        "isPaid": true,
        "paidAt": "2023-09-15T02:07:35.298Z",
        "isDelivered": true,
        "deliveredAt": "2023-09-15T02:08:44.960Z",
        "createdAt": "2023-09-15T02:07:19.964Z"
    }
},
{
    "model": "Mbase.order",
    "pk": 17,
    "fields": {
        "user": 1,
        "paymentMethod": "PayPal",
        "taxPrice": "26.24",
        "shippingPrice": "10.00",
        "totalPrice": "356.24",
        "isPaid": false,
        "paidAt": null,
        "isDelivered": false,
        "deliveredAt": null,
        "createdAt": "2023-09-15T02:49:52.056Z"
    }
},
{
    "model": "Mbase.order",
    "pk": 18,
    "fields": {
        "user": 7,
        "paymentMethod": "PayPal",
        "taxPrice": "26.24",
        "shippingPrice": "10.00",
        "totalPrice": "356.24",
        "isPaid": false,
        "paidAt": null,
        "isDelivered": false,
        "deliveredAt": null,
        "createdAt": "2024-05-15T10:16:24.039Z"
    }
},
{
    "model": "Mbase.order",
    "pk": 19,
    "fields": {
        "user": 7,
        "paymentMethod": "PayPal",
        "taxPrice": "11.48",
        "shippingPrice": "10.00",
        "totalPrice": "161.48",
        "isPaid": false,
        "paidAt": null,
        "isDelivered": false,
        "deliveredAt": null,
        "createdAt": "2024-05-16T17:35:55.845Z"
    }
},
{
    "model": "Mbase.order",
    "pk": 20,
    "fields": {
        "user": 7,
        "paymentMethod": "PayPal",
        "taxPrice": "6.31",
        "shippingPrice": "0.00",
        "totalPrice": "83.31",
        "isPaid": true,
        "paidAt": "2024-05-17T16:26:15.743Z",
        "isDelivered": false,
        "deliveredAt": null,
        "createdAt": "2024-05-17T16:25:42.743Z"
    }
},
{
    "model": "Mbase.order",
    "pk": 21,
    "fields": {
        "user": 8,
        "paymentMethod": "PayPal",
        "taxPrice": "31.57",
        "shippingPrice": "10.00",
        "totalPrice": "426.57",
        "isPaid": false,
        "paidAt": null,
        "isDelivered": false,
        "deliveredAt": null,
        "createdAt": "2024-09-14T18:24:15.729Z"
    }
},
{
    "model": "Mbase.order",
    "pk": 22,
    "fields": {
        "user": 8,
        "paymentMethod": "PayPal",
        "taxPrice": "31.57",
        "shippingPrice": "10.00",
        "totalPrice": "426.57",
        "isPaid": false,
        "paidAt": null,
        "isDelivered": false,
        "deliveredAt": null,
        "createdAt": "2024-09-14T18:34:17.903Z"
    }
},
{
    "model": "Mbase.order",
    "pk": 23,
    "fields": {
        "user": 8,
        "paymentMethod": "PayPal",
        "taxPrice": "51.66",
        "shippingPrice": "10.00",
        "totalPrice": "691.66",
        "isPaid": false,
        "paidAt": null,
        "isDelivered": false,
        "deliveredAt": null,
        "createdAt": "2024-09-15T11:13:55.195Z"
    }
},
{
    "model": "Mbase.order",
    "pk": 24,
    "fields": {
        "user": 8,
        "paymentMethod": "PayPal",
        "taxPrice": "98.40",
        "shippingPrice": "10.00",
        "totalPrice": "1308.40",
        "isPaid": false,
        "paidAt": null,
        "isDelivered": false,
        "deliveredAt": null,
        "createdAt": "2024-09-15T11:21:10.695Z"
    }
},
{
    "model": "Mbase.order",
    "pk": 25,
    "fields": {
        "user": 8,
        "paymentMethod": "PayPal",
        "taxPrice": "5.25",
        "shippingPrice": "0.00",
        "totalPrice": "69.25",
        "isPaid": false,
        "paidAt": null,
        "isDelivered": false,
        "deliveredAt": null,
        "createdAt": "2024-09-15T11:23:02.933Z"
    }
},
{
    "model": "Mbase.order",
    "pk": 26,
    "fields": {
        "user": 8,
        "paymentMethod": "PayPal",
        "taxPrice": "12.28",
        "shippingPrice": "10.00",
        "totalPrice": "171.98",
        "isPaid": false,
        "paidAt": null,
        "isDelivered": false,
        "deliveredAt": null,
        "createdAt": "2024-09-15T11:28:46.634Z"
    }
},
{
    "model": "Mbase.order",
    "pk": 27,
    "fields": {
        "user": 8,
        "paymentMethod": "PayPal",
        "taxPrice": "2.62",
        "shippingPrice": "0.00",
        "totalPrice": "34.62",
        "isPaid": false,
        "paidAt": null,
        "isDelivered": false,
        "deliveredAt": null,
        "createdAt": "2024-09-15T11:32:23.639Z"
    }
},
{
    "model": "Mbase.order",
    "pk": 28,
    "fields": {
        "user": 8,
        "paymentMethod": "PayPal",
        "taxPrice": "7.38",
        "shippingPrice": "0.00",
        "totalPrice": "97.38",
        "isPaid": false,
        "paidAt": null,
        "isDelivered": false,
        "deliveredAt": null,
        "createdAt": "2024-09-15T11:34:08.923Z"
    }
},
{
    "model": "Mbase.order",
    "pk": 29,
    "fields": {
        "user": 8,
        "paymentMethod": "PayPal",
        "taxPrice": "24.60",
        "shippingPrice": "10.00",
        "totalPrice": "334.60",
        "isPaid": false,
        "paidAt": null,
        "isDelivered": false,
        "deliveredAt": null,
        "createdAt": "2024-09-15T11:36:28.933Z"
    }
},
{
    "model": "Mbase.order",
    "pk": 30,
    "fields": {
        "user": 8,
        "paymentMethod": "PayPal",
        "taxPrice": "22.14",
        "shippingPrice": "10.00",
        "totalPrice": "302.14",
        "isPaid": true,
        "paidAt": "2024-09-16T15:30:46.842Z",
        "isDelivered": true,
        "deliveredAt": "2024-09-16T15:48:35.943Z",
        "createdAt": "2024-09-16T11:39:28.230Z"
    }
},
{
    "model": "Mbase.orderitem",
    "pk": 1,
    "fields": {
        "product": 15,
        "order": 3,
        "name": "Better Basics French Terry Sweatshorts",
        "color": null,
        "size": null,
        "qty": 7,
        "price": "50.00",
        "thumbnail": "/images/shorts-2.jpg"
    }
},
{
    "model": "Mbase.orderitem",
    "pk": 2,
    "fields": {
        "product": 16,
        "order": 3,
        "name": "Smart watche Vital Plus",
        "color": null,
        "size": null,
        "qty": 2,
        "price": "90.00",
        "thumbnail": "/images/watch-1.jpg"
    }
},
{
    "model": "Mbase.orderitem",
    "pk": 3,
    "fields": {
        "product": 14,
        "order": 3,
        "name": "Men's Leather Formal Wear shoes",
        "color": null,
        "size": null,
        "qty": 1,
        "price": "130.00",
        "thumbnail": "/images/shoe-2_1.jpg"
    }
},
{
    "model": "Mbase.orderitem",
    "pk": 4,
    "fields": {
        "product": 15,
        "order": 4,
        "name": "Better Basics French Terry Sweatshorts",
        "color": null,
        "size": null,
        "qty": 1,
        "price": "50.00",
        "thumbnail": "/images/shorts-2.jpg"
    }
},
{
    "model": "Mbase.orderitem",
    "pk": 5,
    "fields": {
        "product": 15,
        "order": 5,
        "name": "Better Basics French Terry Sweatshorts",
        "color": null,
        "size": null,
        "qty": 1,
        "price": "50.00",
        "thumbnail": "/images/shorts-2.jpg"
    }
},
{
    "model": "Mbase.orderitem",
    "pk": 6,
    "fields": {
        "product": 14,
        "order": 6,
        "name": "Men's Leather Formal Wear shoes",
        "color": null,
        "size": null,
        "qty": 1,
        "price": "130.00",
        "thumbnail": "/images/shoe-2_1.jpg"
    }
},
{
    "model": "Mbase.orderitem",
    "pk": 7,
    "fields": {
        "product": 14,
        "order": 7,
        "name": "Men's Leather Formal Wear shoes",
        "color": null,
        "size": null,
        "qty": 1,
        "price": "130.00",
        "thumbnail": "/images/shoe-2_1.jpg"
    }
},
{
    "model": "Mbase.orderitem",
    "pk": 8,
    "fields": {
        "product": 13,
        "order": 8,
        "name": "MEN Yarn Fleece Full-Zip Jacket",
        "color": null,
        "size": null,
        "qty": 1,
        "price": "100.00",
        "thumbnail": "/images/jacket-5.jpg"
    }
},
{
    "model": "Mbase.orderitem",
    "pk": 9,
    "fields": {
        "product": 13,
        "order": 9,
        "name": "MEN Yarn Fleece Full-Zip Jacket",
        "color": null,
        "size": null,
        "qty": 1,
        "price": "100.00",
        "thumbnail": "/images/jacket-5.jpg"
    }
},
{
    "model": "Mbase.orderitem",
    "pk": 10,
    "fields": {
        "product": 11,
        "order": 10,
        "name": "Mens Winter Leathers Jackets",
        "color": null,
        "size": null,
        "qty": 1,
        "price": "340.00",
        "thumbnail": "/images/jacket-3.jpg"
    }
},
{
    "model": "Mbase.orderitem",
    "pk": 11,
    "fields": {
        "product": 15,
        "order": 11,
        "name": "Better Basics French Terry Sweatshorts",
        "color": null,
        "size": null,
        "qty": 1,
        "price": "50.00",
        "thumbnail": "/images/shorts-2.jpg"
    }
},
{
    "model": "Mbase.orderitem",
    "pk": 12,
    "fields": {
        "product": 10,
        "order": 11,
        "name": "Black Floral Wrap Midi Skirt",
        "color": null,
        "size": null,
        "qty": 4,
        "price": "330.00",
        "thumbnail": "/images/clothes-3.jpg"
    }
},
{
    "model": "Mbase.orderitem",
    "pk": 13,
    "fields": {
        "product": 11,
        "order": 11,
        "name": "Mens Winter Leathers Jackets",
        "color": null,
        "size": null,
        "qty": 5,
        "price": "340.00",
        "thumbnail": "/images/jacket-3.jpg"
    }
},
{
    "model": "Mbase.orderitem",
    "pk": 14,
    "fields": {
        "product": 15,
        "order": 12,
        "name": "Better Basics French Terry Sweatshorts",
        "color": null,
        "size": null,
        "qty": 1,
        "price": "50.00",
        "thumbnail": "/images/shorts-2.jpg"
    }
},
{
    "model": "Mbase.orderitem",
    "pk": 15,
    "fields": {
        "product": 16,
        "order": 13,
        "name": "Smart watche Vital Plus",
        "color": null,
        "size": null,
        "qty": 3,
        "price": "90.00",
        "thumbnail": "/images/watch-1.jpg"
    }
},
{
    "model": "Mbase.orderitem",
    "pk": 16,
    "fields": {
        "product": 14,
        "order": 13,
        "name": "Men's Leather Formal Wear shoes",
        "color": null,
        "size": null,
        "qty": 1,
        "price": "130.00",
        "thumbnail": "/images/shoe-2_1.jpg"
    }
},
{
    "model": "Mbase.orderitem",
    "pk": 17,
    "fields": {
        "product": 15,
        "order": 14,
        "name": "Better Basics French Terry Sweatshorts",
        "color": null,
        "size": null,
        "qty": 3,
        "price": "50.00",
        "thumbnail": "/images/shorts-2.jpg"
    }
},
{
    "model": "Mbase.orderitem",
    "pk": 18,
    "fields": {
        "product": 10,
        "order": 14,
        "name": "Black Floral Wrap Midi Skirt",
        "color": null,
        "size": null,
        "qty": 2,
        "price": "330.00",
        "thumbnail": "/images/clothes-3.jpg"
    }
},
{
    "model": "Mbase.orderitem",
    "pk": 19,
    "fields": {
        "product": 11,
        "order": 14,
        "name": "Mens Winter Leathers Jackets",
        "color": null,
        "size": null,
        "qty": 1,
        "price": "340.00",
        "thumbnail": "/images/jacket-3.jpg"
    }
},
{
    "model": "Mbase.orderitem",
    "pk": 20,
    "fields": {
        "product": 18,
        "order": 15,
        "name": "Rose Gold diamonds Earring",
        "color": null,
        "size": null,
        "qty": 1,
        "price": "340.00",
        "thumbnail": "/images/jewellery-1_4vcp53l.jpg"
    }
},
{
    "model": "Mbase.orderitem",
    "pk": 21,
    "fields": {
        "product": 13,
        "order": 16,
        "name": "MEN Yarn Fleece Full-Zip Jacket",
        "color": null,
        "size": null,
        "qty": 1,
        "price": "100.00",
        "thumbnail": "/images/jacket-5.jpg"
    }
},
{
    "model": "Mbase.orderitem",
    "pk": 22,
    "fields": {
        "product": 18,
        "order": 17,
        "name": "Rose Gold diamonds Earring",
        "color": null,
        "size": null,
        "qty": 1,
        "price": "320.00",
        "thumbnail": "/images/jewellery-1_4vcp53l.jpg"
    }
},
{
    "model": "Mbase.orderitem",
    "pk": 23,
    "fields": {
        "product": 18,
        "order": 18,
        "name": "Rose Gold diamonds Earring",
        "color": null,
        "size": null,
        "qty": 1,
        "price": "320.00",
        "thumbnail": "/images/jewellery-1_4vcp53l.jpg"
    }
},
{
    "model": "Mbase.orderitem",
    "pk": 24,
    "fields": {
        "product": 16,
        "order": 19,
        "name": "Smart watche Vital Plus",
        "color": null,
        "size": null,
        "qty": 1,
        "price": "90.00",
        "thumbnail": "/images/watch-1.jpg"
    }
},
{
    "model": "Mbase.orderitem",
    "pk": 25,
    "fields": {
        "product": 15,
        "order": 19,
        "name": "Better Basics French Terry Sweatshorts",
        "color": null,
        "size": null,
        "qty": 1,
        "price": "50.00",
        "thumbnail": "/images/shorts-2.jpg"
    }
},
{
    "model": "Mbase.orderitem",
    "pk": 26,
    "fields": {
        "product": 31,
        "order": 20,
        "name": "Nike Air Max 90 LV8",
        "color": null,
        "size": null,
        "qty": 1,
        "price": "77.00",
        "thumbnail": "/images/nshoe3-1.png"
    }
},
{
    "model": "Mbase.orderitem",
    "pk": 27,
    "fields": {
        "product": 31,
        "order": 22,
        "name": "Nike Air Max 90 LV8",
        "color": "S",
        "size": "Red",
        "qty": 5,
        "price": "77.00",
        "thumbnail": "/images/nshoe3-1.png"
    }
},
{
    "model": "Mbase.orderitem",
    "pk": 28,
    "fields": {
        "product": 8,
        "order": 23,
        "name": "Quilted Bomber Jacket With Ribbed Trims",
        "color": "Xl",
        "size": "Green",
        "qty": 3,
        "price": "210.00",
        "thumbnail": "/images/bomber1-1.jpg"
    }
},
{
    "model": "Mbase.orderitem",
    "pk": 29,
    "fields": {
        "product": 5,
        "order": 24,
        "name": "18ct Yellow Gold 0.10cttw Diamond & Baroque Pearl Pendant",
        "color": "S",
        "size": "Orange",
        "qty": 4,
        "price": "300.00",
        "thumbnail": "/images/necale01-1.jpg"
    }
},
{
    "model": "Mbase.orderitem",
    "pk": 30,
    "fields": {
        "product": 34,
        "order": 25,
        "name": "Varsity Jacket With Patch Details",
        "color": "XS",
        "size": "White",
        "qty": 2,
        "price": "32.00",
        "thumbnail": "/images/jacket1-1.jpg"
    }
},
{
    "model": "Mbase.orderitem",
    "pk": 31,
    "fields": {
        "product": 18,
        "order": 26,
        "name": "Basic Colored Sweatpants With Elastic Hems",
        "color": "L",
        "size": "Black",
        "qty": 3,
        "price": "49.90",
        "thumbnail": "/images/10033.jpeg"
    }
},
{
    "model": "Mbase.orderitem",
    "pk": 32,
    "fields": {
        "product": 34,
        "order": 27,
        "name": "Varsity Jacket With Patch Details",
        "color": "XS",
        "size": "White",
        "qty": 1,
        "price": "32.00",
        "thumbnail": "/images/jacket1-1.jpg"
    }
},
{
    "model": "Mbase.orderitem",
    "pk": 33,
    "fields": {
        "product": 33,
        "order": 28,
        "name": "Slogan Hoodie With Label Detail",
        "color": "Xl",
        "size": "Yellow",
        "qty": 2,
        "price": "45.00",
        "thumbnail": "/images/slogan1-1.jpg"
    }
},
{
    "model": "Mbase.orderitem",
    "pk": 34,
    "fields": {
        "product": 6,
        "order": 29,
        "name": "Fuzzy Button-Up Cardigan",
        "color": "S",
        "size": "Yellow",
        "qty": 3,
        "price": "100.00",
        "thumbnail": "/images/fuzzy1.jpg"
    }
},
{
    "model": "Mbase.orderitem",
    "pk": 35,
    "fields": {
        "product": 16,
        "order": 30,
        "name": "Basic High-Neck Puff Jacket",
        "color": "Pink",
        "size": "M",
        "qty": 3,
        "price": "90.00",
        "thumbnail": "/images/10005.jpeg"
    }
},
{
    "model": "Mbase.shippingaddress",
    "pk": 1,
    "fields": {
        "order": 1,
        "address": "Machhapuchre Tole-3",
        "city": "Pokhara",
        "postalCode": "33700",
        "country": "Nepal",
        "shippingPrice": null
    }
},
{
    "model": "Mbase.shippingaddress",
    "pk": 2,
    "fields": {
        "order": 2,
        "address": "Machhapuchre Tole-3",
        "city": "Pokhara",
        "postalCode": "33700",
        "country": "Nepal",
        "shippingPrice": null
    }
},
{
    "model": "Mbase.shippingaddress",
    "pk": 3,
    "fields": {
        "order": 3,
        "address": "Machhapuchre Tole-3",
        "city": "Pokhara",
        "postalCode": "33700",
        "country": "Nepal",
        "shippingPrice": null
    }
},
{
    "model": "Mbase.shippingaddress",
    "pk": 4,
    "fields": {
        "order": 4,
        "address": "Machhapuchre Tole-3",
        "city": "Pokhara",
        "postalCode": "33700",
        "country": "Nepal",
        "shippingPrice": null
    }
},
{
    "model": "Mbase.shippingaddress",
    "pk": 5,
    "fields": {
        "order": 5,
        "address": "Machhapuchre Tole-3",
        "city": "Pokhara",
        "postalCode": "33700",
        "country": "Nepal",
        "shippingPrice": null
    }
},
{
    "model": "Mbase.shippingaddress",
    "pk": 6,
    "fields": {
        "order": 6,
        "address": "Machhapuchre Tole-3",
        "city": "Pokhara",
        "postalCode": "33700",
        "country": "Nepal",
        "shippingPrice": null
    }
},
{
    "model": "Mbase.shippingaddress",
    "pk": 7,
    "fields": {
        "order": 7,
        "address": "Machhapuchre Tole-3",
        "city": "Pokhara",
        "postalCode": "33700",
        "country": "Nepal",
        "shippingPrice": null
    }
},
{
    "model": "Mbase.shippingaddress",
    "pk": 8,
    "fields": {
        "order": 8,
        "address": "Machhapuchre Tole-3",
        "city": "Pokhara",
        "postalCode": "33700",
        "country": "Nepal",
        "shippingPrice": null
    }
},
{
    "model": "Mbase.shippingaddress",
    "pk": 9,
    "fields": {
        "order": 9,
        "address": "Machhapuchre Tole-3",
        "city": "Pokhara",
        "postalCode": "33700",
        "country": "Nepal",
        "shippingPrice": null
    }
},
{
    "model": "Mbase.shippingaddress",
    "pk": 10,
    "fields": {
        "order": 10,
        "address": "Machhapuchre Tole-3",
        "city": "Pokhara",
        "postalCode": "33700",
        "country": "Nepal",
        "shippingPrice": null
    }
},
{
    "model": "Mbase.shippingaddress",
    "pk": 11,
    "fields": {
        "order": 11,
        "address": "Machhapuchre Tole-3",
        "city": "Pokhara",
        "postalCode": "33700",
        "country": "Nepal",
        "shippingPrice": null
    }
},
{
    "model": "Mbase.shippingaddress",
    "pk": 12,
    "fields": {
        "order": 12,
        "address": "Machhapuchre Tole-3",
        "city": "Pokhara",
        "postalCode": "33700",
        "country": "Nepal",
        "shippingPrice": null
    }
},
{
    "model": "Mbase.shippingaddress",
    "pk": 13,
    "fields": {
        "order": 13,
        "address": "Machhapuchre Tole-3",
        "city": "Pokhara",
        "postalCode": "33700",
        "country": "Nepal",
        "shippingPrice": null
    }
},
{
    "model": "Mbase.shippingaddress",
    "pk": 14,
    "fields": {
        "order": 14,
        "address": "Machhapuchre Tole-3",
        "city": "Pokhara",
        "postalCode": "3423",
        "country": "Nepal",
        "shippingPrice": null
    }
},
{
    "model": "Mbase.shippingaddress",
    "pk": 15,
    "fields": {
        "order": 15,
        "address": "Machhapuchre Tole-3",
        "city": "Pokhara",
        "postalCode": "3423",
        "country": "Nepal",
        "shippingPrice": null
    }
},
{
    "model": "Mbase.shippingaddress",
    "pk": 16,
    "fields": {
        "order": 16,
        "address": "Machhapuchre Tole-3",
        "city": "Pokhara",
        "postalCode": "3423",
        "country": "Nepal",
        "shippingPrice": null
    }
},
{
    "model": "Mbase.shippingaddress",
    "pk": 17,
    "fields": {
        "order": 17,
        "address": "Machhapuchre Tole-3",
        "city": "Pokhara",
        "postalCode": "3423",
        "country": "Nepal",
        "shippingPrice": null
    }
},
{
    "model": "Mbase.shippingaddress",
    "pk": 18,
    "fields": {
        "order": 18,
        "address": "Machha",
        "city": "Pokhara",
        "postalCode": "3423",
        "country": "Nepal",
        "shippingPrice": null
    }
},
{
    "model": "Mbase.shippingaddress",
    "pk": 19,
    "fields": {
        "order": 19,
        "address": "Macchapurchre Tole-23",
        "city": "Pokhara",
        "postalCode": "3423",
        "country": "Nepal",
        "shippingPrice": null
    }
},
{
    "model": "Mbase.shippingaddress",
    "pk": 20,
    "fields": {
        "order": 20,
        "address": "Macchapurchre Tole-23",
        "city": "Pokhara",
        "postalCode": "3423",
        "country": "Nepal",
        "shippingPrice": null
    }
},
{
    "model": "Mbase.shippingaddress",
    "pk": 21,
    "fields": {
        "order": 21,
        "address": "Machha",
        "city": "Pokhara",
        "postalCode": "3423",
        "country": "Nepal",
        "shippingPrice": null
    }
},
{
    "model": "Mbase.shippingaddress",
    "pk": 22,
    "fields": {
        "order": 22,
        "address": "Machha",
        "city": "Pokhara",
        "postalCode": "3423",
        "country": "Nepal",
        "shippingPrice": null
    }
},
{
    "model": "Mbase.shippingaddress",
    "pk": 23,
    "fields": {
        "order": 23,
        "address": "Machha",
        "city": "Pokhara",
        "postalCode": "3423",
        "country": "Nepal",
        "shippingPrice": null
    }
},
{
    "model": "Mbase.shippingaddress",
    "pk": 24,
    "fields": {
        "order": 24,
        "address": "Machha",
        "city": "Pokhara",
        "postalCode": "3423",
        "country": "Nepal",
        "shippingPrice": null
    }
},
{
    "model": "Mbase.shippingaddress",
    "pk": 25,
    "fields": {
        "order": 25,
        "address": "Machha",
        "city": "Pokhara",
        "postalCode": "3423",
        "country": "Nepal",
        "shippingPrice": null
    }
},
{
    "model": "Mbase.shippingaddress",
    "pk": 26,
    "fields": {
        "order": 26,
        "address": "Machha",
        "city": "Pokhara",
        "postalCode": "3423",
        "country": "Nepal",
        "shippingPrice": null
    }
},
{
    "model": "Mbase.shippingaddress",
    "pk": 27,
    "fields": {
        "order": 27,
        "address": "Machha",
        "city": "Pokhara",
        "postalCode": "3423",
        "country": "Nepal",
        "shippingPrice": null
    }
},
{
    "model": "Mbase.shippingaddress",
    "pk": 28,
    "fields": {
        "order": 28,
        "address": "Machha",
        "city": "Pokhara",
        "postalCode": "3423",
        "country": "Nepal",
        "shippingPrice": null
    }
},
{
    "model": "Mbase.shippingaddress",
    "pk": 29,
    "fields": {
        "order": 29,
        "address": "Machha",
        "city": "Pokhara",
        "postalCode": "3423",
        "country": "Nepal",
        "shippingPrice": null
    }
},
{
    "model": "Mbase.shippingaddress",
    "pk": 30,
    "fields": {
        "order": 30,
        "address": "Machhapuchre Tole-3",
        "city": "Pokhara",
        "postalCode": "3423",
        "country": "Nepal",
        "shippingPrice": null
    }
}
]
